InvoiceNo,Date,CustomerID,Product,Quantity,UnitPrice,StoreLocation,PaymentMethod,TotalAmount
INV1000,13/04/2023,CUST101,Keyboard,4,884.95,Dubai Mall,Cash,3539.8
INV1001,15/12/2023,CUST191,USB Hub,6,928.47,Al Barsha,Credit Card,5570.82
INV1002,28/09/2023,CUST131,Webcam,6,994.96,Al Barsha,Cash,5969.76
INV1003,17/04/2023,CUST190,Webcam,1,182.16,Deira City Center,Online Payment,182.16
INV1004,13/03/2023,CUST183,Headset,8,402.28,Al Barsha,Credit Card,3218.24
INV1005,08/07/2023,CUST123,Mouse,6,760.66,Marina Branch,Credit Card,4563.96
INV1006,21/01/2023,CUST111,Printer,3,699.06,Al Barsha,Credit Card,2097.18
INV1007,13/04/2023,CUST149,Webcam,9,162.36,Dubai Mall,Debit Card,1461.2400000000002
INV1008,02/05/2023,CUST134,Printer,2,817.67,Al Barsha,Cash,1635.34
INV1009,03/08/2023,CUST132,Webcam,8,232.2,Deira City Center,Online Payment,1857.6
INV1010,27/11/2023,CUST132,Headset,3,231.58,Marina Branch,Credit Card,694.74
INV1011,29/03/2023,CUST160,Monitor,5,541.6,Marina Branch,Credit Card,2708
INV1012,10/04/2023,CUST150,Webcam,6,597.01,Deira City Center,Online Payment,3582.06
INV1013,26/12/2023,CUST142,Webcam,6,584.29,Marina Branch,Cash,3505.74
INV1014,01/06/2023,CUST111,Webcam,4,100.57,Al Barsha,Credit Card,402.28
INV1015,11/05/2023,CUST166,Webcam,3,878.69,Deira City Center,Cash,2636.07
INV1016,30/05/2023,CUST164,Monitor,4,272.94,Marina Branch,Debit Card,1091.76
INV1017,05/11/2023,CUST132,Mouse,1,138.22,Dubai Mall,Credit Card,138.22
INV1018,15/09/2023,CUST139,Headset,4,889.86,Marina Branch,Cash,3559.44
INV1019,10/12/2023,CUST173,Headset,1,956.09,Deira City Center,Debit Card,956.09
INV1020,21/10/2023,CUST142,USB Hub,1,863.51,Al Barsha,Cash,863.51
INV1021,11/07/2023,CUST143,Webcam,6,811.42,Dubai Mall,Credit Card,4868.5199999999995
INV1022,04/10/2023,CUST128,Keyboard,5,658.69,Deira City Center,Online Payment,3293.4500000000003
INV1023,10/06/2023,CUST112,Webcam,4,555.35,Marina Branch,Debit Card,2221.4
INV1024,10/11/2023,CUST111,Monitor,3,96.12,Dubai Mall,Online Payment,288.36
INV1025,22/01/2023,CUST194,Monitor,1,,Dubai Mall,Debit Card,414.37
INV1026,10/09/2023,CUST145,Headset,6,378.96,Dubai Mall,Debit Card,2273.7599999999998
INV1027,24/08/2023,CUST101,Mouse,2,267.16,Al Barsha,Credit Card,534.32
INV1028,11/12/2023,CUST134,Monitor,8,726.19,Dubai Mall,Credit Card,5809.52
INV1029,18/02/2023,CUST186,Laptop,5,500.92,Al Barsha,Cash,2504.6
INV1030,28/02/2023,CUST180,Printer,7,90.24,Al Barsha,Credit Card,631.68
INV1031,19/06/2023,CUST189,Webcam,2,227.98,Deira City Center,Debit Card,455.96
INV1032,07/07/2023,CUST107,Mouse,8,686.43,Marina Branch,Credit Card,5491.44
INV1033,28/09/2023,CUST192,Laptop,2,85.37,Marina Branch,Online Payment,170.74
INV1034,09/07/2023,CUST125,Headset,4,852.69,Dubai Mall,Online Payment,3410.76
INV1035,24/06/2023,CUST173,Monitor,1,500.2,Al Barsha,Cash,500.2
INV1036,20/02/2023,CUST189,USB Hub,5,485.78,Dubai Mall,Online Payment,2428.8999999999996
INV1037,30/12/2023,CUST133,Mouse,9,596.48,Deira City Center,Credit Card,5368.32
INV1038,24/02/2023,CUST106,Keyboard,1,826.43,Deira City Center,Debit Card,826.43
INV1039,01/09/2023,CUST167,Printer,9,354.33,Al Barsha,Cash,3188.97
INV1040,16/11/2023,CUST157,Laptop,8,681.24,Dubai Mall,Debit Card,5449.92
INV1041,11/05/2023,CUST174,USB Hub,6,570.07,Marina Branch,Credit Card,3420.42
INV1042,03/11/2023,CUST128,Keyboard,7,274.36,Marina Branch,Debit Card,1920.52
INV1043,15/05/2023,CUST135,Printer,3,879.84,Marina Branch,Cash,2639.52
INV1044,21/01/2023,CUST188,Keyboard,1,799.45,Al Barsha,Cash,799.45
INV1045,25/11/2023,CUST120,Mouse,5,661.87,Deira City Center,Online Payment,3309.35
INV1046,16/06/2023,CUST135,Monitor,2,852.08,Al Barsha,Credit Card,1704.16
INV1047,01/10/2023,CUST109,Monitor,5,868.62,Marina Branch,Online Payment,4343.1
INV1048,30/03/2023,CUST172,Headset,8,711.28,Al Barsha,Debit Card,5690.24
INV1049,12/11/2023,CUST123,Monitor,9,838.64,Dubai Mall,Cash,7547.76
INV1050,14/01/2023,CUST163,USB Hub,2,700.5,Marina Branch,Debit Card,1401
INV1051,30/08/2023,CUST198,Headset,3,683.34,Al Barsha,Debit Card,2050.02
INV1052,22/09/2023,CUST148,Keyboard,3,622.43,Dubai Mall,Debit Card,1867.29
INV1053,12/12/2023,CUST198,Headset,1,755.19,Marina Branch,Debit Card,755.19
INV1054,22/02/2023,CUST135,Keyboard,8,167.02,Dubai Mall,Cash,1336.16
INV1055,06/12/2023,CUST181,Laptop,6,882.06,Marina Branch,Debit Card,5292.36
INV1056,02/04/2023,CUST195,Printer,8,873.13,Deira City Center,Cash,6985.04
INV1057,21/09/2023,CUST123,Printer,9,38.95,Deira City Center,Cash,350.55
INV1058,04/02/2023,CUST122,Headset,5,827.56,Al Barsha,Credit Card,4137.799999999999
INV1059,25/07/2023,CUST161,Monitor,3,137.58,Deira City Center,Debit Card,412.74
INV1060,22/03/2023,CUST195,Headset,5,341.77,Dubai Mall,Credit Card,1708.85
INV1061,19/02/2023,CUST136,Printer,5,746.07,Dubai Mall,Debit Card,3730.3500000000004
INV1062,26/12/2023,CUST111,Headset,5,169.15,Marina Branch,Cash,845.75
INV1063,02/01/2023,CUST154,Printer,3,819.79,Al Barsha,Debit Card,2459.37
INV1064,23/02/2023,CUST112,Mouse,4,833.81,Marina Branch,Debit Card,3335.24
INV1065,16/04/2023,CUST122,Headset,9,512.39,Deira City Center,Credit Card,4611.51
INV1066,17/09/2023,CUST188,Printer,9,16.32,Al Barsha,Debit Card,146.88
INV1067,06/11/2023,CUST198,Headset,2,294.17,Dubai Mall,Cash,588.34
INV1068,10/07/2023,CUST129,Webcam,8,620.76,Marina Branch,Credit Card,4966.08
INV1069,06/08/2023,CUST116,Printer,8,981.37,Marina Branch,Online Payment,7850.96
INV1070,13/02/2023,CUST161,Monitor,7,635.5,Deira City Center,Debit Card,4448.5
INV1071,11/06/2023,CUST183,Headset,8,267.21,Dubai Mall,Debit Card,2137.68
INV1072,21/07/2023,CUST188,Headset,3,637.67,Marina Branch,Credit Card,1913.0099999999998
INV1073,27/09/2023,CUST185,Mouse,6,544.59,Deira City Center,Debit Card,3267.54
INV1074,17/12/2023,CUST112,Monitor,1,782.05,Marina Branch,Cash,782.05
INV1075,31/10/2023,CUST158,Mouse,7,115.91,Marina Branch,Debit Card,811.37
INV1076,28/09/2023,CUST118,Headset,1,763.42,Marina Branch,Credit Card,763.42
INV1077,03/08/2023,CUST148,Printer,9,545.85,Deira City Center,Debit Card,4912.650000000001
INV1078,09/09/2023,CUST199,Webcam,1,963.36,Al Barsha,Credit Card,963.36
INV1079,09/07/2023,CUST111,Laptop,1,348.45,Deira City Center,Online Payment,348.45
INV1080,23/10/2023,CUST160,Headset,7,636.3,Deira City Center,Cash,4454.099999999999
INV1081,01/08/2023,CUST118,Webcam,2,932.71,Al Barsha,Online Payment,1865.42
INV1082,27/07/2023,CUST175,Printer,5,111.48,Marina Branch,Cash,557.4
INV1083,25/08/2023,CUST108,Monitor,8,937.86,Al Barsha,Cash,7502.88
INV1084,04/12/2023,CUST170,Laptop,8,691.01,Dubai Mall,Cash,5528.08
INV1085,22/02/2023,CUST127,Webcam,3,77.16,Marina Branch,Credit Card,231.48
INV1086,07/10/2023,CUST177,Webcam,7,307.95,Al Barsha,Debit Card,2155.65
INV1087,05/08/2023,CUST194,Webcam,3,711.09,Al Barsha,Online Payment,2133.27
INV1088,09/09/2023,CUST151,Laptop,6,76.68,Marina Branch,Online Payment,460.08000000000004
INV1089,07/07/2023,CUST182,Headset,6,586.35,Dubai Mall,Debit Card,3518.1000000000004
INV1090,10/02/2023,CUST115,Laptop,3,352.42,Dubai Mall,Cash,1057.26
INV1091,06/06/2023,CUST168,Keyboard,7,624.71,Deira City Center,Online Payment,4372.97
INV1092,15/01/2023,CUST198,USB Hub,3,55.28,Al Barsha,Online Payment,165.84
INV1093,28/10/2023,CUST111,USB Hub,8,872.82,Dubai Mall,Cash,6982.56
INV1094,06/03/2023,CUST124,Mouse,4,973.75,Deira City Center,Credit Card,3895
INV1095,11/12/2023,CUST151,Laptop,1,969.19,Deira City Center,Debit Card,969.19
INV1096,23/11/2023,CUST184,Laptop,4,752.16,Marina Branch,Online Payment,3008.64
INV1097,09/01/2023,CUST199,Laptop,7,138.79,Al Barsha,Cash,971.53
INV1098,10/12/2023,CUST152,Keyboard,4,760.68,Al Barsha,Cash,3042.72
INV1099,09/05/2023,CUST122,Webcam,6,34.34,Dubai Mall,Online Payment,206.04000000000002
INV1100,16/05/2023,CUST115,USB Hub,9,31.9,Al Barsha,Debit Card,287.09999999999997
INV1101,04/03/2023,CUST156,Webcam,1,330.37,Marina Branch,Cash,330.37
INV1102,19/05/2023,CUST138,Webcam,5,493.76,Deira City Center,Debit Card,2468.8
INV1103,22/03/2023,CUST152,Headset,7,772.7,Deira City Center,Online Payment,5408.900000000001
INV1104,12/06/2023,CUST141,Webcam,1,686.46,Dubai Mall,Online Payment,686.46
INV1105,16/10/2023,CUST157,Webcam,4,451.44,Marina Branch,Cash,1805.76
INV1106,18/09/2023,CUST138,Printer,6,280.89,Deira City Center,Credit Card,1685.34
INV1107,19/08/2023,CUST113,Webcam,2,997.15,Al Barsha,Online Payment,1994.3
INV1108,10/02/2023,CUST194,Printer,5,431.92,Dubai Mall,Cash,2159.6
INV1109,28/01/2023,CUST104,Monitor,1,456.87,Deira City Center,Credit Card,456.87
INV1110,15/05/2023,CUST134,Monitor,6,171.99,Al Barsha,Credit Card,1031.94
INV1111,20/07/2023,CUST186,Printer,6,796.86,Dubai Mall,Credit Card,4781.16
INV1112,24/11/2023,CUST192,Printer,4,696.75,Dubai Mall,Online Payment,2787
INV1113,25/09/2023,CUST174,Keyboard,8,228.56,Deira City Center,Debit Card,1828.48
INV1114,02/02/2023,CUST117,Printer,4,91.56,Deira City Center,Cash,366.24
INV1115,17/02/2023,CUST175,Laptop,8,683.69,Dubai Mall,Online Payment,5469.52
INV1116,03/03/2023,CUST108,Printer,8,657.97,Deira City Center,Credit Card,5263.76
INV1117,04/08/2023,CUST173,Printer,5,280.53,Al Barsha,Cash,1402.6499999999999
INV1118,20/10/2023,CUST157,Keyboard,4,951.35,Dubai Mall,Credit Card,3805.4
INV1119,09/04/2023,CUST116,Mouse,2,159.55,Al Barsha,Online Payment,319.1
INV1120,21/06/2023,CUST106,Monitor,3,438.01,Al Barsha,Cash,1314.03
INV1121,26/12/2023,CUST145,USB Hub,3,944.18,Dubai Mall,Cash,2832.54
INV1122,02/08/2023,CUST112,Mouse,4,425.53,Deira City Center,Online Payment,1702.12
INV1123,04/02/2023,CUST139,Laptop,4,642.14,Al Barsha,Cash,2568.56
INV1124,15/08/2023,CUST141,Laptop,5,403.62,Deira City Center,Debit Card,2018.1
INV1125,11/04/2023,CUST108,USB Hub,4,281.47,Marina Branch,Online Payment,1125.88
INV1126,11/05/2023,CUST149,Mouse,8,984.14,Al Barsha,Debit Card,7873.12
INV1127,14/09/2023,CUST126,USB Hub,6,415.24,Marina Branch,Online Payment,2491.44
INV1128,05/01/2023,CUST165,Laptop,6,895.16,Dubai Mall,Online Payment,5370.96
INV1129,06/08/2023,CUST104,USB Hub,8,237.66,Deira City Center,Online Payment,1901.28
INV1130,12/09/2023,CUST128,Monitor,7,220.97,Marina Branch,Cash,1546.79
INV1131,25/12/2023,CUST136,Webcam,8,40.82,Al Barsha,Online Payment,326.56
INV1132,10/10/2023,CUST137,Webcam,2,655.15,Dubai Mall,Online Payment,1310.3
INV1133,26/07/2023,CUST182,Headset,9,374.84,Marina Branch,Online Payment,3373.56
INV1134,15/01/2023,CUST107,Laptop,1,865.71,Marina Branch,Online Payment,865.71
INV1135,12/12/2023,CUST164,Headset,8,478.48,Marina Branch,Credit Card,3827.84
INV1136,11/02/2023,CUST185,Webcam,4,968.51,Marina Branch,Debit Card,3874.04
INV1137,28/06/2023,CUST116,Keyboard,4,193.67,Marina Branch,Cash,774.68
INV1138,04/03/2023,CUST170,Monitor,5,869.94,Deira City Center,Cash,4349.700000000001
INV1139,18/12/2023,CUST188,Keyboard,8,778.83,Marina Branch,Online Payment,6230.64
INV1140,19/08/2023,CUST144,Headset,5,773.21,Deira City Center,Debit Card,3866.05
INV1141,29/08/2023,CUST103,Laptop,8,846.34,Al Barsha,Online Payment,6770.72
INV1142,21/02/2023,CUST135,USB Hub,1,763.41,Al Barsha,Debit Card,763.41
INV1143,06/04/2023,CUST169,Webcam,9,629.96,Dubai Mall,Debit Card,5669.64
INV1144,10/08/2023,CUST130,Mouse,6,139.93,Deira City Center,Credit Card,839.58
INV1145,19/08/2023,CUST118,Laptop,3,42.2,Al Barsha,Cash,126.60000000000001
INV1146,25/08/2023,CUST160,USB Hub,8,921.64,Al Barsha,Cash,7373.12
INV1147,23/05/2023,CUST153,Mouse,9,620.48,Dubai Mall,Debit Card,5584.32
INV1148,20/06/2023,CUST138,Mouse,6,798.57,Marina Branch,Online Payment,4791.42
INV1149,29/01/2023,CUST190,Laptop,7,486.71,Al Barsha,Credit Card,3406.97
INV1150,05/02/2023,CUST173,Keyboard,1,126.14,Dubai Mall,Debit Card,126.14
INV1151,13/01/2023,CUST189,Webcam,5,,Deira City Center,Debit Card,669.6500000000001
INV1152,09/06/2023,CUST118,Keyboard,5,688.71,Marina Branch,Cash,3443.55
INV1153,23/11/2023,CUST138,Monitor,4,436,Al Barsha,Online Payment,1744
INV1154,06/07/2023,CUST166,Webcam,6,208.52,Dubai Mall,Debit Card,1251.1200000000001
INV1155,31/08/2023,CUST144,Laptop,7,496.68,Dubai Mall,Credit Card,3476.76
INV1156,27/03/2023,CUST112,Printer,9,73.57,Marina Branch,Debit Card,662.1299999999999
INV1157,11/10/2023,CUST191,Monitor,1,586.15,Deira City Center,Credit Card,586.15
INV1158,07/03/2023,CUST157,Monitor,6,276.3,Al Barsha,Credit Card,1657.8000000000002
INV1159,19/06/2023,CUST119,USB Hub,7,799.58,Marina Branch,Credit Card,5597.06
INV1160,14/02/2023,CUST191,Keyboard,3,317.26,Deira City Center,Debit Card,951.78
INV1161,03/03/2023,CUST171,Monitor,8,460.67,Marina Branch,Online Payment,3685.36
INV1162,14/05/2023,CUST160,Headset,5,21.5,Dubai Mall,Debit Card,107.5
INV1163,11/10/2023,CUST138,Printer,9,81.72,Al Barsha,Debit Card,735.48
INV1164,28/01/2023,CUST100,Headset,5,398.57,Marina Branch,Cash,1992.85
INV1165,18/04/2023,CUST102,Mouse,9,485.14,Al Barsha,Debit Card,4366.26
INV1166,13/02/2023,CUST176,Webcam,4,604.02,Dubai Mall,Credit Card,2416.08
INV1167,06/12/2023,CUST191,Laptop,9,298.75,Al Barsha,Credit Card,2688.75
INV1168,13/10/2023,CUST161,Mouse,5,698.03,Al Barsha,Online Payment,3490.1499999999996
INV1169,27/11/2023,CUST162,Mouse,9,861.52,Dubai Mall,Credit Card,7753.68
INV1170,08/05/2023,CUST124,Keyboard,3,782.05,Al Barsha,Cash,2346.1499999999996
INV1171,14/12/2023,CUST155,Keyboard,4,49.22,Al Barsha,Credit Card,196.88
INV1172,19/08/2023,CUST132,Webcam,9,485.7,Deira City Center,Credit Card,4371.3
INV1173,09/07/2023,CUST137,Printer,6,113.88,Al Barsha,Online Payment,683.28
INV1174,13/08/2023,CUST105,Monitor,2,249.62,Dubai Mall,Debit Card,499.24
INV1175,10/10/2023,CUST157,Laptop,7,986.8,Dubai Mall,Online Payment,6907.599999999999
INV1176,01/05/2023,CUST143,USB Hub,2,151.07,Marina Branch,Online Payment,302.14
INV1177,26/04/2023,CUST144,Monitor,2,503.9,Dubai Mall,Cash,1007.8
INV1178,21/08/2023,CUST131,Webcam,1,621.97,Marina Branch,Credit Card,621.97
INV1179,16/09/2023,CUST144,Webcam,3,705.44,Marina Branch,Online Payment,2116.32
INV1180,25/12/2023,CUST160,USB Hub,6,564.05,Deira City Center,Credit Card,3384.2999999999997
INV1181,17/07/2023,CUST146,Webcam,8,19.67,Al Barsha,Debit Card,157.36
INV1182,17/05/2023,CUST120,Mouse,9,333.2,Marina Branch,Debit Card,2998.7999999999997
INV1183,14/11/2023,CUST179,USB Hub,7,522.53,Dubai Mall,Online Payment,3657.71
INV1184,14/06/2023,CUST184,Printer,4,96.99,Deira City Center,Debit Card,387.96
INV1185,13/08/2023,CUST174,Keyboard,6,357.12,Al Barsha,Online Payment,2142.7200000000003
INV1186,03/11/2023,CUST135,Keyboard,5,42.87,Al Barsha,Debit Card,214.35
INV1187,22/08/2023,CUST198,Keyboard,8,87.79,Dubai Mall,Debit Card,702.32
INV1188,21/06/2023,CUST118,USB Hub,1,402.95,Deira City Center,Credit Card,402.95
INV1189,01/06/2023,CUST119,Mouse,1,141.39,Al Barsha,Cash,141.39
INV1190,11/11/2023,CUST156,Webcam,6,571.87,Deira City Center,Cash,3431.2200000000003
INV1191,09/06/2023,CUST117,Printer,2,692.57,Dubai Mall,Debit Card,1385.14
INV1192,06/04/2023,CUST146,Monitor,5,802.58,Dubai Mall,Credit Card,4012.9
INV1193,21/08/2023,CUST148,Webcam,1,208.15,Deira City Center,Debit Card,208.15
INV1194,29/06/2023,CUST113,Keyboard,7,175.81,Dubai Mall,Credit Card,1230.67
INV1195,23/04/2023,CUST114,Keyboard,1,113.52,Al Barsha,Debit Card,113.52
INV1196,14/11/2023,CUST130,Mouse,4,640.07,Dubai Mall,Cash,2560.28
INV1197,21/02/2023,CUST100,Mouse,9,709.41,Deira City Center,Credit Card,6384.69
INV1198,25/09/2023,CUST153,Headset,1,41.27,Deira City Center,Debit Card,41.27
INV1199,22/10/2023,CUST102,Keyboard,4,936.85,Marina Branch,Online Payment,3747.4
INV1200,23/04/2023,CUST115,Keyboard,6,61.45,Marina Branch,Online Payment,368.70000000000005
INV1201,11/04/2023,CUST186,Monitor,6,545.88,Marina Branch,Debit Card,3275.2799999999997
INV1202,23/04/2023,CUST156,Headset,8,711.97,Dubai Mall,Credit Card,5695.76
INV1203,22/03/2023,CUST174,USB Hub,1,872.26,Al Barsha,Online Payment,872.26
INV1204,06/07/2023,CUST111,USB Hub,7,716.95,Deira City Center,Cash,5018.650000000001
INV1205,23/04/2023,CUST173,Webcam,1,803.71,Al Barsha,Debit Card,803.71
INV1206,02/01/2023,CUST195,USB Hub,7,346.06,Dubai Mall,Debit Card,2422.42
INV1207,10/05/2023,CUST115,Webcam,3,816.68,Marina Branch,Credit Card,2450.04
INV1208,08/08/2023,CUST171,Keyboard,8,89.31,Deira City Center,Online Payment,714.48
INV1209,23/02/2023,CUST175,Keyboard,3,895.87,Dubai Mall,Credit Card,2687.61
INV1210,09/12/2023,CUST123,Laptop,1,552.12,Marina Branch,Cash,552.12
INV1211,12/08/2023,CUST127,Mouse,8,819.12,Dubai Mall,Debit Card,6552.96
INV1212,13/08/2023,CUST107,Mouse,3,457.8,Dubai Mall,Debit Card,1373.4
INV1213,06/05/2023,CUST191,Laptop,2,647.14,Al Barsha,Credit Card,1294.28
INV1214,10/05/2023,CUST135,Webcam,1,531.14,Deira City Center,Debit Card,531.14
INV1215,22/02/2023,CUST189,Headset,3,734.27,Al Barsha,Debit Card,2202.81
INV1216,21/06/2023,CUST107,Printer,2,90.81,Marina Branch,Debit Card,181.62
INV1217,06/08/2023,CUST157,Headset,2,69.75,Al Barsha,Debit Card,139.5
INV1218,09/06/2023,CUST159,Laptop,6,254.63,Deira City Center,Debit Card,1527.78
INV1219,17/07/2023,CUST149,Keyboard,1,167.95,Dubai Mall,Debit Card,167.95
INV1220,04/09/2023,CUST127,Mouse,2,873.07,Al Barsha,Online Payment,1746.14
INV1221,20/11/2023,CUST191,Mouse,6,227.02,Marina Branch,Online Payment,1362.1200000000001
INV1222,22/07/2023,CUST140,USB Hub,3,976.11,Deira City Center,Credit Card,2928.33
INV1223,03/07/2023,CUST199,Headset,4,343.53,Deira City Center,Credit Card,1374.12
INV1224,03/05/2023,CUST163,Headset,1,190.3,Marina Branch,Online Payment,190.3
INV1225,12/09/2023,CUST126,Headset,8,791.8,Dubai Mall,Online Payment,6334.4
INV1226,21/10/2023,CUST162,USB Hub,7,662.12,Al Barsha,Credit Card,4634.84
INV1227,07/10/2023,CUST116,Headset,7,503.21,Marina Branch,Debit Card,3522.47
INV1228,21/11/2023,CUST172,Keyboard,3,559.81,Dubai Mall,Online Payment,1679.4299999999998
INV1229,08/04/2023,CUST132,Printer,3,722.01,Dubai Mall,Online Payment,2166.0299999999997
INV1230,17/07/2023,CUST183,Monitor,2,236.17,Deira City Center,Online Payment,472.34
INV1231,28/08/2023,CUST176,Keyboard,1,996.37,Al Barsha,Cash,996.37
INV1232,24/05/2023,CUST191,Laptop,7,975.05,Marina Branch,Cash,6825.349999999999
INV1233,07/04/2023,CUST128,Keyboard,7,653.82,Dubai Mall,Credit Card,4576.740000000001
INV1234,20/07/2023,CUST112,Keyboard,2,207.55,Deira City Center,Online Payment,415.1
INV1235,04/05/2023,CUST145,Mouse,7,683.43,Dubai Mall,Cash,4784.009999999999
INV1236,06/07/2023,CUST134,Monitor,8,81.48,Dubai Mall,Credit Card,651.84
INV1237,22/11/2023,CUST105,Keyboard,1,40.35,Al Barsha,Online Payment,40.35
INV1238,15/12/2023,CUST181,Monitor,9,265.11,Al Barsha,Debit Card,2385.9900000000002
INV1239,16/09/2023,CUST168,Monitor,7,468,Dubai Mall,Debit Card,3276
INV1240,28/05/2023,CUST146,Keyboard,3,869.59,Dubai Mall,Online Payment,2608.77
INV1241,09/09/2023,CUST124,Printer,8,729.9,Deira City Center,Debit Card,5839.2
INV1242,12/12/2023,CUST165,Laptop,7,745.28,Al Barsha,Online Payment,5216.96
INV1243,27/05/2023,CUST109,Monitor,8,431.24,Deira City Center,Online Payment,3449.92
INV1244,28/05/2023,CUST155,Headset,6,352.48,Marina Branch,Credit Card,2114.88
INV1245,18/12/2023,CUST129,Printer,9,377.33,Deira City Center,Debit Card,3395.97
INV1246,18/07/2023,CUST104,Laptop,5,987.77,Dubai Mall,Cash,4938.85
INV1247,04/11/2023,CUST132,Laptop,3,49.71,Al Barsha,Debit Card,149.13
INV1248,08/05/2023,CUST164,USB Hub,3,868.36,Dubai Mall,Cash,2605.08
INV1249,08/02/2023,CUST117,Mouse,1,582.89,Al Barsha,Debit Card,582.89
INV1250,04/12/2023,CUST195,Monitor,8,444.23,Deira City Center,Credit Card,3553.84
INV1251,26/12/2023,CUST148,Laptop,2,728.01,Dubai Mall,Debit Card,1456.02
INV1252,09/05/2023,CUST110,Headset,3,491.8,Deira City Center,Online Payment,1475.4
INV1253,24/09/2023,CUST184,Mouse,8,874.69,Dubai Mall,Credit Card,6997.52
INV1254,31/05/2023,CUST125,Keyboard,8,901.69,Dubai Mall,Cash,7213.52
INV1255,25/10/2023,CUST162,Keyboard,4,427.5,Dubai Mall,Debit Card,1710
INV1256,09/04/2023,CUST188,USB Hub,4,284.06,Al Barsha,Online Payment,1136.24
INV1257,20/09/2023,CUST185,Keyboard,5,596.43,Deira City Center,Cash,2982.1499999999996
INV1258,09/09/2023,CUST158,Monitor,6,913.24,Dubai Mall,Debit Card,5479.4400000000005
INV1259,24/05/2023,CUST126,Keyboard,5,218.56,Deira City Center,Debit Card,1092.8
INV1260,12/12/2023,CUST148,Monitor,7,626.74,Marina Branch,Credit Card,4387.18
INV1261,22/04/2023,CUST176,Headset,2,635.24,Marina Branch,Debit Card,1270.48
INV1262,01/03/2023,CUST132,USB Hub,7,735.78,Dubai Mall,Credit Card,5150.46
INV1263,02/01/2023,CUST197,Monitor,7,140.25,Al Barsha,Debit Card,981.75
INV1264,31/10/2023,CUST198,Monitor,1,718.67,Al Barsha,Credit Card,718.67
INV1265,11/09/2023,CUST100,Monitor,7,909.94,Deira City Center,Debit Card,6369.58
INV1266,20/05/2023,CUST120,Keyboard,5,187.89,Deira City Center,Online Payment,939.4499999999999
INV1267,06/02/2023,CUST154,Printer,3,245.17,Dubai Mall,Credit Card,735.51
INV1268,09/06/2023,CUST105,Mouse,3,971.68,Al Barsha,Cash,2915.04
INV1269,09/01/2023,CUST191,Headset,4,189.17,Dubai Mall,Cash,756.68
INV1270,21/08/2023,CUST180,Laptop,2,855.84,Al Barsha,Debit Card,1711.68
INV1271,09/04/2023,CUST168,USB Hub,2,497.36,Al Barsha,Cash,994.72
INV1272,27/05/2023,CUST194,Laptop,1,254.76,Marina Branch,Debit Card,254.76
INV1273,31/10/2023,CUST104,Printer,5,872.04,Marina Branch,Debit Card,4360.2
INV1274,27/07/2023,CUST102,USB Hub,4,450.85,Al Barsha,Credit Card,1803.4
INV1275,11/05/2023,CUST152,Headset,2,519.67,Al Barsha,Credit Card,1039.34
INV1276,01/06/2023,CUST122,Mouse,3,365.64,Dubai Mall,Debit Card,1096.92
INV1277,23/02/2023,CUST152,USB Hub,7,597.02,Deira City Center,Credit Card,4179.139999999999
INV1278,30/04/2023,CUST136,Printer,7,171.89,Al Barsha,Debit Card,1203.23
INV1279,10/06/2023,CUST173,USB Hub,4,397.17,Al Barsha,Cash,1588.68
INV1280,26/04/2023,CUST173,Mouse,5,969.72,Marina Branch,Cash,4848.6
INV1281,16/03/2023,CUST182,Keyboard,5,265.55,Dubai Mall,Credit Card,1327.75
INV1282,23/04/2023,CUST116,Mouse,6,660.17,Dubai Mall,Credit Card,3961.0199999999995
INV1283,14/04/2023,CUST184,Monitor,9,331.94,Marina Branch,Debit Card,2987.46
INV1284,06/12/2023,CUST177,USB Hub,2,775.74,Deira City Center,Credit Card,1551.48
INV1285,11/09/2023,CUST172,Printer,5,139.56,Al Barsha,Online Payment,697.8
INV1286,15/08/2023,CUST100,USB Hub,3,970.12,Marina Branch,Credit Card,2910.36
INV1287,22/04/2023,CUST150,Monitor,4,459.25,Al Barsha,Credit Card,1837
INV1288,09/04/2023,CUST144,USB Hub,6,243.69,Marina Branch,Online Payment,1462.1399999999999
INV1289,02/06/2023,CUST176,Keyboard,8,82.76,Al Barsha,Credit Card,662.08
INV1290,15/12/2023,CUST103,Webcam,1,178.06,Al Barsha,Online Payment,178.06
INV1291,04/12/2023,CUST161,Keyboard,8,524.58,Marina Branch,Debit Card,4196.64
INV1292,13/07/2023,CUST164,USB Hub,7,343.63,Al Barsha,Online Payment,2405.41
INV1293,06/11/2023,CUST131,Headset,1,830.59,Al Barsha,Online Payment,830.59
INV1294,12/06/2023,CUST133,Monitor,2,436.58,Al Barsha,Cash,873.16
INV1295,27/07/2023,CUST191,Mouse,3,256.23,Deira City Center,Online Payment,768.69
INV1296,18/06/2023,CUST194,Monitor,1,620.97,Deira City Center,Cash,620.97
INV1297,10/06/2023,CUST171,USB Hub,9,709.71,Deira City Center,Online Payment,6387.39
INV1298,09/03/2023,CUST138,Laptop,8,175.37,Deira City Center,Debit Card,1402.96
INV1299,16/10/2023,CUST125,Laptop,2,175.94,Deira City Center,Debit Card,351.88
INV1300,04/10/2023,CUST133,USB Hub,9,46.3,Deira City Center,Online Payment,416.7
INV1301,31/10/2023,CUST153,Monitor,7,739.04,Marina Branch,Debit Card,5173.28
INV1302,15/05/2023,CUST102,Laptop,9,667.17,Marina Branch,Online Payment,6004.53
INV1303,14/07/2023,CUST149,USB Hub,6,479.88,Marina Branch,Debit Card,2879.2799999999997
INV1304,08/05/2023,CUST111,Keyboard,6,845.73,Deira City Center,Credit Card,5074.38
INV1305,02/02/2023,CUST164,Keyboard,4,807.61,Marina Branch,Credit Card,3230.44
INV1306,25/06/2023,CUST153,Laptop,2,589.5,Marina Branch,Online Payment,1179
INV1307,22/01/2023,CUST104,Keyboard,7,869.59,Al Barsha,Online Payment,6087.13
INV1308,26/08/2023,CUST193,Keyboard,5,213.78,Deira City Center,Debit Card,1068.9
INV1309,07/06/2023,CUST193,Headset,6,120.8,Dubai Mall,Debit Card,724.8
INV1310,07/02/2023,CUST156,Laptop,2,277.05,Dubai Mall,Cash,554.1
INV1311,18/08/2023,CUST116,Headset,5,66.52,Deira City Center,Online Payment,332.59999999999997
INV1312,31/12/2023,CUST146,Laptop,4,535.86,Marina Branch,Credit Card,2143.44
INV1313,20/02/2023,CUST122,Headset,9,937.24,Dubai Mall,Online Payment,8435.16
INV1314,21/09/2023,CUST178,Keyboard,6,48.95,Al Barsha,Debit Card,293.70000000000005
INV1315,10/10/2023,CUST184,Headset,2,130.89,Deira City Center,Cash,261.78
INV1316,27/01/2023,CUST113,USB Hub,1,457.68,Marina Branch,Debit Card,457.68
INV1317,14/08/2023,CUST165,USB Hub,5,934.54,Al Barsha,Debit Card,4672.7
INV1318,04/10/2023,CUST174,Printer,9,322.99,Dubai Mall,Online Payment,2906.91
INV1319,13/10/2023,CUST150,USB Hub,6,512.16,Al Barsha,Online Payment,3072.96
INV1320,07/04/2023,CUST137,USB Hub,7,51.16,Dubai Mall,Cash,358.12
INV1321,11/10/2023,CUST163,Headset,5,156.86,Marina Branch,Online Payment,784.3000000000001
INV1322,13/11/2023,CUST197,USB Hub,6,986.76,Al Barsha,Credit Card,5920.5599999999995
INV1323,31/10/2023,CUST137,Monitor,5,965.47,Deira City Center,Debit Card,4827.35
INV1324,27/05/2023,CUST149,Printer,9,14.89,Marina Branch,Cash,134.01
INV1325,04/01/2023,CUST197,Laptop,6,952.29,Deira City Center,Debit Card,5713.74
INV1326,04/02/2023,CUST181,Webcam,8,642.73,Marina Branch,Credit Card,5141.84
INV1327,11/07/2023,CUST129,Keyboard,2,869.24,Deira City Center,Debit Card,1738.48
INV1328,18/02/2023,CUST178,USB Hub,9,460.19,Deira City Center,Credit Card,4141.71
INV1329,17/01/2023,CUST190,Webcam,5,520.44,Marina Branch,Debit Card,2602.2000000000003
INV1330,21/06/2023,CUST150,Headset,7,493.96,Dubai Mall,Online Payment,3457.72
INV1331,08/08/2023,CUST162,Mouse,1,670.2,Marina Branch,Online Payment,670.2
INV1332,07/06/2023,CUST197,Headset,5,148.25,Marina Branch,Debit Card,741.25
INV1333,15/02/2023,CUST151,Printer,2,39.67,Dubai Mall,Cash,79.34
INV1334,06/01/2023,CUST137,Printer,,314.85,Al Barsha,Online Payment,1889.1000000000001
INV1335,09/04/2023,CUST196,Printer,1,707.63,Dubai Mall,Credit Card,707.63
INV1336,21/08/2023,CUST187,Monitor,3,209.83,Marina Branch,Online Payment,629.49
INV1337,06/02/2023,CUST178,USB Hub,5,676.7,Deira City Center,Online Payment,3383.5
INV1338,07/10/2023,CUST129,Webcam,4,970.21,Al Barsha,Debit Card,3880.84
INV1339,15/12/2023,CUST150,Mouse,3,,Marina Branch,Debit Card,308.88
INV1340,29/10/2023,CUST180,Printer,5,675.88,Marina Branch,Cash,3379.4
INV1341,30/06/2023,CUST104,Webcam,8,449.31,Deira City Center,Debit Card,3594.48
INV1342,05/04/2023,CUST128,Mouse,4,869.46,Marina Branch,Debit Card,3477.84
INV1343,09/04/2023,CUST103,Monitor,1,185.38,Deira City Center,Debit Card,185.38
INV1344,07/07/2023,CUST109,USB Hub,7,695.7,Al Barsha,Online Payment,4869.900000000001
INV1345,26/04/2023,CUST155,Webcam,8,839.73,Al Barsha,Online Payment,6717.84
INV1346,10/07/2023,CUST116,Monitor,3,945.17,Marina Branch,Debit Card,2835.5099999999998
INV1347,10/09/2023,CUST173,Keyboard,6,686.42,Dubai Mall,Debit Card,4118.5199999999995
INV1348,10/06/2023,CUST116,USB Hub,2,502.2,Al Barsha,Cash,1004.4
INV1349,13/09/2023,CUST183,Printer,7,621.67,Deira City Center,Credit Card,4351.69
INV1350,19/11/2023,CUST187,Laptop,8,870.22,Dubai Mall,Debit Card,6961.76
INV1351,08/05/2023,CUST168,Printer,6,574.9,Al Barsha,Cash,3449.3999999999996
INV1352,18/01/2023,CUST133,Webcam,6,40.08,Al Barsha,Online Payment,240.48
INV1353,08/10/2023,CUST105,Laptop,5,931.64,Al Barsha,Credit Card,4658.2
INV1354,11/08/2023,CUST152,Keyboard,8,692.63,Dubai Mall,Cash,5541.04
INV1355,23/02/2023,CUST165,Printer,1,679.75,Al Barsha,Online Payment,679.75
INV1356,27/02/2023,CUST176,Headset,4,223.52,Dubai Mall,Credit Card,894.08
INV1357,19/11/2023,CUST142,Headset,4,662.3,Dubai Mall,Online Payment,2649.2
INV1358,26/12/2023,CUST174,Printer,3,399.93,Marina Branch,Cash,1199.79
INV1359,23/06/2023,CUST122,Printer,3,654.72,Al Barsha,Credit Card,1964.16
INV1360,07/10/2023,CUST154,Monitor,4,115.53,Al Barsha,Credit Card,462.12
INV1361,24/04/2023,CUST179,Mouse,1,661.27,Al Barsha,Credit Card,661.27
INV1362,15/10/2023,CUST194,Laptop,2,999.42,Al Barsha,Credit Card,1998.84
INV1363,08/12/2023,CUST174,Headset,9,57.73,Marina Branch,Credit Card,519.5699999999999
INV1364,31/05/2023,CUST115,Printer,2,977.4,Al Barsha,Online Payment,1954.8
INV1365,07/05/2023,CUST107,Laptop,5,412.84,Deira City Center,Credit Card,2064.2
INV1366,04/06/2023,CUST103,Monitor,9,872.05,Al Barsha,Online Payment,7848.45
INV1367,30/09/2023,CUST103,Webcam,9,784.56,Marina Branch,Credit Card,7061.039999999999
INV1368,14/04/2023,CUST155,Mouse,8,571.35,Al Barsha,Credit Card,4570.8
INV1369,26/10/2023,CUST124,Mouse,1,741.06,Dubai Mall,Cash,741.06
INV1370,03/09/2023,CUST166,USB Hub,1,879.73,Deira City Center,Online Payment,879.73
INV1371,25/06/2023,CUST195,Keyboard,9,410.1,Dubai Mall,Cash,3690.9
INV1372,08/02/2023,CUST166,Webcam,8,333.76,Marina Branch,Cash,2670.08
INV1373,19/06/2023,CUST126,Monitor,9,670.92,Marina Branch,Online Payment,6038.28
INV1374,04/09/2023,CUST192,Mouse,7,809.77,Deira City Center,Cash,5668.389999999999
INV1375,26/01/2023,CUST131,Mouse,3,764.66,Al Barsha,Debit Card,2293.98
INV1376,21/12/2023,CUST149,Printer,3,799.84,Dubai Mall,Credit Card,2399.52
INV1377,02/11/2023,CUST160,Headset,2,441.23,Dubai Mall,Credit Card,882.46
INV1378,13/01/2023,CUST150,Mouse,5,819.66,Marina Branch,Cash,4098.3
INV1379,12/11/2023,CUST118,Keyboard,3,129.01,Marina Branch,Credit Card,387.03
INV1380,09/11/2023,CUST120,Webcam,6,549.04,Marina Branch,Online Payment,3294.24
INV1381,05/02/2023,CUST104,Headset,2,15.7,Deira City Center,Cash,31.4
INV1382,22/06/2023,CUST181,Mouse,3,331.34,Deira City Center,Credit Card,994.02
INV1383,20/01/2023,CUST191,Mouse,5,372.8,Al Barsha,Debit Card,1864
INV1384,17/11/2023,CUST141,Monitor,1,402.21,Deira City Center,Online Payment,402.21
INV1385,21/09/2023,CUST160,Mouse,1,698.51,Deira City Center,Credit Card,698.51
INV1386,22/05/2023,CUST121,Laptop,9,394.67,Deira City Center,Cash,3552.03
INV1387,23/05/2023,CUST120,Laptop,7,454.21,Marina Branch,Credit Card,3179.47
INV1388,02/04/2023,CUST169,Keyboard,1,245.17,Dubai Mall,Debit Card,245.17
INV1389,20/12/2023,CUST100,Keyboard,8,379.52,Marina Branch,Debit Card,3036.16
INV1390,18/11/2023,CUST104,Laptop,3,235,Dubai Mall,Online Payment,705
INV1391,15/10/2023,CUST111,Printer,8,82.46,Deira City Center,Debit Card,659.68
INV1392,03/08/2023,CUST189,Laptop,5,607.41,Deira City Center,Credit Card,3037.0499999999997
INV1393,08/12/2023,CUST145,Keyboard,1,671.53,Deira City Center,Cash,671.53
INV1394,20/02/2023,CUST133,Headset,7,623.3,Marina Branch,Credit Card,4363.099999999999
INV1395,02/06/2023,CUST148,Headset,5,468.86,Marina Branch,Cash,2344.3
INV1396,05/07/2023,CUST177,USB Hub,6,385.99,Al Barsha,Credit Card,2315.94
INV1397,04/03/2023,CUST189,Keyboard,6,864.7,Deira City Center,Credit Card,5188.200000000001
INV1398,09/07/2023,CUST144,Webcam,8,523.89,Marina Branch,Credit Card,4191.12
INV1399,05/05/2023,CUST126,Webcam,9,484.39,Dubai Mall,Online Payment,4359.51
INV1400,30/05/2023,CUST172,Mouse,2,35.39,Deira City Center,Online Payment,70.78
INV1401,10/11/2023,CUST125,Mouse,9,347.84,Deira City Center,Debit Card,3130.56
INV1402,27/02/2023,CUST146,Headset,9,386.39,Deira City Center,Online Payment,3477.5099999999998
INV1403,08/12/2023,CUST185,Keyboard,7,,Al Barsha,Cash,2833.81
INV1404,01/11/2023,CUST155,Laptop,1,584.37,Marina Branch,Debit Card,584.37
INV1405,29/06/2023,CUST193,USB Hub,7,538.27,Dubai Mall,Online Payment,3767.89
INV1406,19/06/2023,CUST162,Webcam,5,611.83,Dubai Mall,Debit Card,3059.15
INV1407,22/11/2023,CUST147,Monitor,6,767.23,Marina Branch,Online Payment,4603.38
INV1408,28/09/2023,CUST160,USB Hub,7,814.86,Deira City Center,Debit Card,5704.02
INV1409,23/02/2023,CUST180,Headset,5,720.94,Marina Branch,Cash,3604.7000000000003
INV1410,11/04/2023,CUST125,Monitor,7,955.97,Al Barsha,Credit Card,6691.79
INV1411,21/09/2023,CUST135,Printer,9,28.05,Marina Branch,Debit Card,252.45000000000002
INV1412,22/02/2023,CUST100,Monitor,3,203.82,Deira City Center,Debit Card,611.46
INV1413,01/03/2023,CUST107,Webcam,8,17.49,Deira City Center,Credit Card,139.92
INV1414,18/04/2023,CUST198,Monitor,2,651,Dubai Mall,Cash,1302
INV1415,05/01/2023,CUST151,Monitor,7,899.05,Dubai Mall,Cash,6293.349999999999
INV1416,13/04/2023,CUST178,Mouse,2,251.05,Deira City Center,Credit Card,502.1
INV1417,15/07/2023,CUST146,USB Hub,4,927.76,Deira City Center,Online Payment,3711.04
INV1418,19/09/2023,CUST155,Webcam,7,69.66,Al Barsha,Credit Card,487.62
INV1419,31/12/2023,CUST185,Webcam,3,935.09,Dubai Mall,Online Payment,2805.27
INV1420,16/12/2023,CUST113,Monitor,2,358.11,Marina Branch,Cash,716.22
INV1421,16/02/2023,CUST189,Printer,7,110.41,Deira City Center,Debit Card,772.87
INV1422,21/12/2023,CUST127,Monitor,1,491.01,Dubai Mall,Online Payment,491.01
INV1423,07/11/2023,CUST186,Webcam,8,264.21,Marina Branch,Credit Card,2113.68
INV1424,04/11/2023,CUST177,Headset,3,292.02,Dubai Mall,Cash,876.06
INV1425,24/05/2023,CUST187,Mouse,2,314.22,Al Barsha,Online Payment,628.44
INV1426,26/09/2023,CUST101,USB Hub,3,805,Dubai Mall,Cash,2415
INV1427,04/05/2023,CUST125,Laptop,5,543.77,Dubai Mall,Online Payment,2718.85
INV1428,16/04/2023,CUST113,Laptop,8,318.19,Dubai Mall,Debit Card,2545.52
INV1429,07/06/2023,CUST158,Keyboard,7,614.23,Marina Branch,Online Payment,4299.610000000001
INV1430,27/05/2023,CUST155,Monitor,7,718.99,Dubai Mall,Cash,5032.93
INV1431,25/05/2023,CUST106,Mouse,7,279.9,Marina Branch,Cash,1959.2999999999997
INV1432,30/04/2023,CUST102,Webcam,8,419.41,Deira City Center,Cash,3355.28
INV1433,15/11/2023,CUST122,USB Hub,1,130.67,Al Barsha,Debit Card,130.67
INV1434,02/10/2023,CUST117,Headset,4,189.34,Al Barsha,Online Payment,757.36
INV1435,02/04/2023,CUST137,Webcam,6,684.31,Al Barsha,Online Payment,4105.86
INV1436,27/02/2023,CUST198,Laptop,9,189.62,Al Barsha,Cash,1706.58
INV1437,12/12/2023,CUST114,Keyboard,2,529.91,Dubai Mall,Cash,1059.82
INV1438,17/08/2023,CUST163,Monitor,1,711.96,Al Barsha,Cash,711.96
INV1439,27/04/2023,CUST188,Mouse,2,115.81,Al Barsha,Credit Card,231.62
INV1440,14/11/2023,CUST127,Mouse,7,571.64,Al Barsha,Credit Card,4001.48
INV1441,06/10/2023,CUST173,Monitor,3,264,Deira City Center,Credit Card,792
INV1442,07/05/2023,CUST138,Laptop,2,963.3,Dubai Mall,Credit Card,1926.6
INV1443,09/05/2023,CUST156,USB Hub,7,488.71,Al Barsha,Credit Card,3420.97
INV1444,27/02/2023,CUST116,Keyboard,2,807.93,Deira City Center,Online Payment,1615.86
INV1445,02/05/2023,CUST185,Webcam,3,554.72,Al Barsha,Credit Card,1664.16
INV1446,01/01/2023,CUST189,Keyboard,7,52.98,Al Barsha,Debit Card,370.85999999999996
INV1447,27/08/2023,CUST143,Laptop,4,636.82,Al Barsha,Credit Card,2547.28
INV1448,17/10/2023,CUST124,USB Hub,1,951.89,Marina Branch,Online Payment,951.89
INV1449,06/04/2023,CUST116,Keyboard,5,605.6,Deira City Center,Cash,3028
INV1450,06/05/2023,CUST112,USB Hub,9,821,Marina Branch,Cash,7389
INV1451,28/04/2023,CUST183,Laptop,8,885.36,Marina Branch,Credit Card,7082.88
INV1452,17/02/2023,CUST124,Monitor,9,235.8,Marina Branch,Online Payment,2122.2000000000003
INV1453,30/03/2023,CUST167,Monitor,9,219.92,Al Barsha,Debit Card,1979.28
INV1454,25/08/2023,CUST109,Webcam,7,614.87,Dubai Mall,Cash,4304.09
INV1455,29/09/2023,CUST166,Laptop,4,416.92,Deira City Center,Cash,1667.68
INV1456,08/07/2023,CUST117,Webcam,5,841.46,Al Barsha,Cash,4207.3
INV1457,11/07/2023,CUST199,Headset,1,901.02,Deira City Center,Credit Card,901.02
INV1458,10/03/2023,CUST185,USB Hub,1,359.89,Deira City Center,Online Payment,359.89
INV1459,05/10/2023,CUST133,Printer,3,244.5,Marina Branch,Credit Card,733.5
INV1460,15/12/2023,CUST107,Monitor,8,782.72,Al Barsha,Debit Card,6261.76
INV1461,04/09/2023,CUST139,Webcam,2,282.06,Al Barsha,Debit Card,564.12
INV1462,17/03/2023,CUST182,Headset,4,824.39,Marina Branch,Cash,3297.56
INV1463,03/06/2023,CUST141,Monitor,2,429.5,Marina Branch,Debit Card,859
INV1464,24/05/2023,CUST140,Keyboard,5,670.87,Deira City Center,Credit Card,3354.35
INV1465,27/03/2023,CUST105,Laptop,9,104.58,Deira City Center,Cash,941.22
INV1466,04/07/2023,CUST151,Keyboard,1,627.62,Deira City Center,Online Payment,627.62
INV1467,12/10/2023,CUST125,Webcam,5,457.25,Marina Branch,Debit Card,2286.25
INV1468,08/08/2023,CUST163,Headset,9,590.74,Al Barsha,Cash,5316.66
INV1469,10/03/2023,CUST197,Monitor,1,176.33,Deira City Center,Credit Card,176.33
INV1470,16/02/2023,CUST158,Webcam,9,739.51,Deira City Center,Online Payment,6655.59
INV1471,04/04/2023,CUST155,Headset,8,864.17,Deira City Center,Debit Card,6913.36
INV1472,26/08/2023,CUST158,Monitor,4,224.57,Marina Branch,Credit Card,898.28
INV1473,23/07/2023,CUST169,Mouse,5,104.76,Marina Branch,Debit Card,523.8000000000001
INV1474,06/08/2023,CUST132,USB Hub,5,33.4,Marina Branch,Online Payment,167
INV1475,07/12/2023,CUST152,USB Hub,6,645.55,Dubai Mall,Credit Card,3873.2999999999997
INV1476,08/02/2023,CUST121,Mouse,7,611.02,Al Barsha,Debit Card,4277.139999999999
INV1477,10/04/2023,CUST120,Mouse,8,551.23,Al Barsha,Cash,4409.84
INV1478,16/10/2023,CUST169,Monitor,8,239.63,Al Barsha,Debit Card,1917.04
INV1479,11/09/2023,CUST169,Keyboard,2,397,Al Barsha,Debit Card,794
INV1480,10/08/2023,CUST103,Headset,9,598.53,Dubai Mall,Debit Card,5386.7699999999995
INV1481,23/12/2023,CUST193,Printer,7,501.8,Marina Branch,Credit Card,3512.6
INV1482,23/01/2023,CUST174,Webcam,4,987.91,Al Barsha,Online Payment,3951.64
INV1483,07/09/2023,CUST161,Printer,4,145.08,Marina Branch,Debit Card,580.32
INV1484,10/01/2023,CUST161,USB Hub,8,698.19,Marina Branch,Debit Card,5585.52
INV1485,03/09/2023,CUST193,Mouse,4,410.28,Dubai Mall,Credit Card,1641.12
INV1486,21/11/2023,CUST194,Laptop,6,433.92,Al Barsha,Debit Card,2603.52
INV1487,10/04/2023,CUST123,Webcam,5,720.42,Marina Branch,Credit Card,3602.1
INV1488,17/10/2023,CUST154,Mouse,3,695.51,Al Barsha,Online Payment,2086.5299999999997
INV1489,29/06/2023,CUST108,Monitor,2,991.34,Dubai Mall,Debit Card,1982.68
INV1490,11/08/2023,CUST102,Printer,9,137.11,Dubai Mall,Credit Card,1233.9900000000002
INV1491,07/09/2023,CUST130,Printer,9,113.07,Deira City Center,Cash,1017.6299999999999
INV1492,27/05/2023,CUST139,Mouse,1,727.1,Dubai Mall,Credit Card,727.1
INV1493,06/04/2023,CUST135,Laptop,3,582.6,Al Barsha,Credit Card,1747.8000000000002
INV1494,14/09/2023,CUST123,Keyboard,8,281.42,Deira City Center,Credit Card,2251.36
INV1495,21/11/2023,CUST194,Laptop,6,88.63,Dubai Mall,Cash,531.78
INV1496,04/01/2023,CUST105,USB Hub,5,,Al Barsha,Cash,474
INV1497,16/01/2023,CUST165,Keyboard,5,895.25,Deira City Center,Debit Card,4476.25
INV1498,07/10/2023,CUST183,Monitor,6,199.95,Deira City Center,Cash,1199.6999999999998
INV1499,02/12/2023,CUST191,USB Hub,7,330.14,Dubai Mall,Debit Card,2310.98